Feature,Ultra Super Massive Embarrassingly Parallel,Ultra High Super Massive Embarrassingly Parallel,Ultra High Super Massive Parallel,Ultra High Super Massive Concurrent-Parallel,Ultra High Super Massive MultiThreaded-Concurrent-Parallel,,,,,,,
Dependencies,None/Minimal,None/Minimal,Some (structured, predictable),Complex (I/O, events, shared state),Extremely Complex (multi-layered dependencies),,,,
Communication,Very Low (initial/final),Very Low (initial/final),Moderate (periodic, structured),High (asynchronous, event-driven),Very High (fine-grained, asynchronous, distributed),,,
Primary Goal,Maximize throughput, simplify scaling,Maximize throughput, simplify scaling,Maximize throughput for dependent work,Maximize throughput & responsiveness, manage dynamics,Maximize absolute performance & resource utilization,,,,
Complexity,Low (relative to other parallel forms),Low (relative to other parallel forms),Medium,High,Extremely High,,,,,,,
Scalability,Near-linear,Near-linear,Good (until communication bottlenecks),Very Good (managing blocking operations),Optimal (all layers of parallelism exploited),,,,,,,
Infrastructure,Commodity clusters, cloud instances,Larger clusters/more advanced (e.g., GPU farms),HPC clusters, specialized interconnects,Distributed systems, cloud, event-driven platforms,Exascale supercomputers, custom hardware, global networks
Example Use,Monte Carlo, Hyperparameter Tuning,Same as above,Large CFD, Distributed NN Training,High-Frequency Trading, Global E-commerce,Exascale simulations, Hyperscale AI/Cloud Infrastructure,,,
,,,,,,,,,,,,
,,,,,,,,,,,,
,,,,,,,,,,,,
,,,,,,,,,,,,
,,,,,,,,,,,,
,Feature,Dependencies,Communication,Primary Goal,Complexity,Scalability,Infrastructure,Example Use,,,,
,Ultra Super Massive Embarrassingly Parallel,None/Minimal,Very Low (initial/final),Maximize throughput,Low (relative to other parallel forms),Near-linear,Commodity clusters,Monte Carlo,,,,
,Ultra High Super Massive Embarrassingly Parallel,None/Minimal,Very Low (initial/final), simplify scaling,Low (relative to other parallel forms),Near-linear, cloud instances, Hyperparameter Tuning,,,,
,Ultra High Super Massive Parallel,Some (structured,Moderate (periodic,Maximize throughput,Medium,Good (until communication bottlenecks),Larger clusters/more advanced (e.g.,Same as above,,,,
,Ultra High Super Massive Concurrent-Parallel, predictable), structured), simplify scaling,High,Very Good (managing blocking operations), GPU farms),Large CFD,,,,
,Ultra High Super Massive MultiThreaded-Concurrent-Parallel,Complex (I/O,High (asynchronous,Maximize throughput for dependent work,Extremely High,Optimal (all layers of parallelism exploited),HPC clusters, Distributed NN Training,,,,
